{"148696929":{"moderators":[],"قوانین":"قوانین گروه:\nسلام این گروه به فروش میرسد قیمت بسیار ارزان فروش و تحویل گروه\n @leilaads","settings":{"set_link":"https://telegram.me/joinchat/Ca-kYQjc72EGgGI3PXCoxA","lock_chat":"no","lock_link":"yes","lock_media":"no","lock_english":"no","lock_member":"no","sticker":"ok","groupmodel":"normal","flood":"yes","lock_arabic":"no","lock_name":"yes","version":"3.5","set_name":"ماشینُو","welcome":"group","tag":"no","lock_badw":"no","set_photo":"data/photos/chat_photo_148696929.jpg","lock_photo":"yes"},"set_owner":"153990755","group_type":"Group"},"122606443":{"settings":{"lock_badw":"no","lock_chat":"yes","lock_link":"yes","lock_media":"no","lock_english":"no","lock_member":"no","sticker":"ok","groupmodel":"normal","lock_arabic":"no","flood":"yes","lock_name":"yes","set_name":"Anti Flood","flood_msg_max":"5","tag":"no","welcome":"group","version":"3.5","lock_photo":"no"},"moderators":[],"set_owner":98962756,"group_type":"Group"},"131005257":{"settings":{"lock_name":"no","lock_member":"no","set_name":"Children professional 2","lock_photo":"no"},"moderators":{"98962756":"XHACKERX"}},"146369339":{"settings":{"lock_english":"no","lock_member":"no","welcome":"group","lock_chat":"no","sticker":"ok","groupmodel":"normal","lock_badw":"no","lock_name":"yes","lock_arabic":"no","lock_media":"no","set_name":"TeleAgentTG","version":"3.5","tag":"no","lock_link":"yes","flood":"yes","lock_photo":"no"},"moderators":[],"set_owner":98962756,"group_type":"Group"},"138506057":{"settings":{"lock_badw":"no","lock_chat":"no","welcome":"group","lock_media":"no","lock_english":"no","lock_member":"no","sticker":"ok","lock_arabic":"no","set_link":"https://telegram.me/joinchat/Ca-kYQhBb0kbALwGqfCFsg","flood":"yes","lock_name":"yes","set_name":"Seti","lock_link":"yes","tag":"no","version":"3.5","groupmodel":"normal","lock_photo":"no"},"moderators":[],"set_owner":98962756,"group_type":"Group"},"111917745":{"moderators":{"183376377":"@Mohamadshirdel"},"قوانین":" فحاشی ← اخراج\nلینک ← بن\nتبلیغات ← بن\nاسپم زدن ← گلوبال بن\nاد کردن ربات ← بن\n\nتوجه : ربات فارسی است✔️\n\nبرای مشاهده مقام خود ⬅️ آیدی\n\nبرای دریافت ایدی خود ⬅️ ایدی (بدون سرکش آ)\n\nℹ️دستور راهنما فقط برای مدیران است","settings":{"lock_badw":"yes","lock_chat":"no","welcome":"group","lock_media":"no","lock_english":"no","lock_member":"no","sticker":"ok","lock_arabic":"no","set_link":"https://telegram.me/joinchat/Ca-kYQarurGuHAyLgDprlw","flood":"yes","lock_name":"yes","set_name":"چت هایه طنز گونه","lock_link":"yes","tag":"no","version":"3.5","groupmodel":"normal","lock_photo":"no"},"set_owner":"90023394","group_type":"Group"},"65777675":{"settings":{"lock_english":"no","lock_member":"no","welcome":"group","lock_chat":"no","sticker":"ok","groupmodel":"normal","lock_badw":"no","lock_name":"yes","lock_arabic":"no","lock_media":"no","set_name":"900","version":"3.5","tag":"no","lock_link":"yes","flood":"no","lock_photo":"no"},"moderators":[],"set_owner":153607474,"group_type":"Group"},"134923214":{"settings":{"lock_badw":"no","lock_chat":"no","welcome":"group","lock_media":"no","lock_english":"no","lock_member":"no","sticker":"ok","lock_arabic":"no","set_link":"https://telegram.me/joinchat/Ca-kYQgKw87jU9VcbP0LVg","flood":"yes","lock_name":"yes","set_name":"Cofe Chat","lock_link":"yes","tag":"no","version":"3.5","groupmodel":"normal","lock_photo":"no"},"moderators":[],"set_owner":"174903760","group_type":"Group"},"140124204":{"settings":{"set_link":"https://telegram.me/joinchat/Ca-kYQhaICxjzTxIN6hgUg","lock_chat":"no","lock_link":"yes","lock_media":"no","lock_english":"no","lock_member":"no","sticker":"ok","groupmodel":"normal","flood":"yes","lock_arabic":"no","lock_name":"yes","version":"3.5","set_name":"فردا ی روزیه","welcome":"group","tag":"no","lock_badw":"no","set_photo":"data/photos/chat_photo_140124204.jpg","lock_photo":"yes"},"moderators":[],"set_owner":"166358548","group_type":"Group"},"137087824":{"settings":{"lock_badw":"no","lock_chat":"no","welcome":"group","lock_media":"no","lock_english":"no","lock_member":"no","sticker":"ok","lock_arabic":"no","set_link":"https://telegram.me/joinchat/Ca-kYQgry1BaSlubBBvGKg","flood":"yes","lock_name":"yes","set_name":"LOVE","lock_link":"yes","tag":"no","version":"3.5","groupmodel":"normal","lock_photo":"no"},"moderators":[],"set_owner":"137549562","group_type":"Group"},"122180234":{"settings":{"lock_badw":"no","lock_chat":"no","lock_link":"yes","lock_media":"no","lock_english":"no","lock_member":"no","sticker":"ok","lock_arabic":"no","groupmodel":"normal","lock_name":"yes","welcome":"group","version":"3.5","set_name":"\"^[!/]([Hh]elp)$\"","flood_msg_max":"6","tag":"no","flood":"yes","set_photo":"data/photos/chat_photo_122180234.jpg","lock_photo":"yes"},"moderators":[],"set_owner":98962756,"group_type":"Group"},"114141259":{"moderators":{"79713769":"@SMH77","200437595":"@MrEh3aN_HMD"},"قوانین":"تنظیم قوانین\n\n 1-بـۍ احترامۍ و فحآشۍ=ریمو⛔️\n\n2-تبلیغ و پست و عکس و...=ریمو⛔️\n\n3-ایجادمزاحمت بی اجازه در پی وی پیگرد گایشی به همراه دارد👎 ⛔️\n\n4-ک.*.س لیسی اکیدا ممنوع⛔️\n\n5- فارسی حرف بزنین 😐چون مـ😐ـمـ❤️ـد گفته❤️","settings":{"set_link":"https://telegram.me/joinchat/Ca-kYQbNqEvd3rGfGRgdpw","lock_chat":"no","welcome":"group","lock_media":"no","lock_english":"no","lock_member":"no","lock_badw":"no","sticker":"ok","groupmodel":"normal","lock_arabic":"no","tag":"no","lock_name":"yes","flood":"yes","set_name":"❣☠  Zik Zak  ☠❣","flood_msg_max":"20","version":"3.5","lock_link":"yes","set_photo":"data/photos/chat_photo_114141259.jpg","lock_photo":"yes"},"set_owner":"200437595","group_type":"Group"},"120085358":{"settings":{"lock_badw":"no","lock_chat":"no","welcome":"group","lock_media":"no","lock_english":"no","lock_member":"no","sticker":"ok","lock_arabic":"no","set_link":"https://telegram.me/joinchat/Ca-kYQcoW27ueIqFDQ6ZkQ","flood":"yes","lock_name":"yes","set_name":"Ｓ🛡ｈ🛡ｏ🛡ｏ🛡ｋ🛡ｅ🛡ｒ G2","lock_link":"yes","tag":"no","version":"3.5","groupmodel":"normal","lock_photo":"no"},"moderators":[],"set_owner":"198794027","group_type":"Group"},"134181169":{"settings":{"lock_badw":"no","lock_chat":"no","welcome":"group","lock_media":"no","lock_english":"no","lock_member":"no","sticker":"ok","lock_arabic":"no","set_link":"https://telegram.me/joinchat/Ca-kYQf_cTHdOw7IJjVVYw","flood":"yes","lock_name":"yes","set_name":"Vip","lock_link":"yes","tag":"no","version":"3.5","groupmodel":"normal","lock_photo":"no"},"moderators":[],"set_owner":"162505825","group_type":"Group"},"128162034":{"settings":{"lock_name":"no","lock_member":"no","set_name":"Jjjjjlq","lock_photo":"no"},"moderators":{"98962756":"XHACKERX"}},"113218677":{"moderators":[],"قوانین":"قوانین ⛔️فحاشی ممنوع⛔️\n\n⛔️اسپم ممنوع⛔️\n\n⛔️لینک ممنوع⛔️","settings":{"set_link":"https://telegram.me/joinchat/Ca-kYQa_lHXuHrxs3Cw0HQ","lock_chat":"no","lock_link":"yes","lock_media":"no","lock_english":"no","lock_member":"no","sticker":"ok","groupmodel":"normal","flood":"yes","lock_arabic":"no","lock_name":"yes","version":"3.5","set_name":"کلبه دوستی","welcome":"group","tag":"no","lock_badw":"no","set_photo":"data/photos/chat_photo_113218677.jpg","lock_photo":"yes"},"rules":"group 113 218 677\nقوانین گروه:\n\n⛔️فش ممنوع⛔️\n\n⛔️اسپم ممنوع⛔️\n\n⛔️لینک ممنوع⛔️","set_owner":"212770345","group_type":"Group"},"141596142":{"settings":{"set_link":"https://telegram.me/joinchat/Ca-kYQhwle48eH71cqSdYA","lock_chat":"no","lock_link":"yes","lock_media":"no","lock_english":"no","lock_member":"no","sticker":"ok","groupmodel":"normal","flood":"yes","lock_arabic":"no","lock_name":"yes","version":"3.5","set_name":"🚩hame khooba🚩","welcome":"group","tag":"no","lock_badw":"no","set_photo":"data/photos/chat_photo_141596142.jpg","lock_photo":"yes"},"moderators":[],"set_owner":"153654004","group_type":"Group"},"135179508":{"moderators":{"155976881":"@farzinsamie"},"قوانین":"\nفوش=کیک\nتبلیغات=کیک\nاسپم=بن","settings":{"lock_badw":"no","lock_chat":"no","welcome":"group","lock_media":"no","lock_english":"no","lock_member":"no","sticker":"ok","lock_arabic":"no","set_link":"https://telegram.me/joinchat/Ca-kYQgOrPR5-pWkRCXdrA","flood":"yes","lock_name":"yes","set_name":"[تبادل چرخشی]","lock_link":"yes","tag":"no","version":"3.5","groupmodel":"normal","lock_photo":"no"},"set_owner":"180957841","group_type":"Group"},"144538471":{"settings":{"lock_badw":"no","lock_chat":"no","welcome":"group","lock_media":"no","lock_english":"no","lock_member":"no","sticker":"ok","lock_arabic":"no","set_link":"https://telegram.me/joinchat/Ca-kYQide2fWAJEsdh5Q8Q","flood":"yes","lock_name":"yes","set_name":"seti","lock_link":"yes","tag":"no","version":"3.5","groupmodel":"normal","lock_photo":"no"},"moderators":[],"set_owner":98962756,"group_type":"Group"},"142965703":{"settings":{"set_link":"https://telegram.me/joinchat/Ca-kYQiFe8cyUEeHZTRtMA","set_name":"Ba janbe ha","lock_photo":"no","lock_name":"yes","lock_badw":"yes","lock_member":"no","flood":"yes"},"moderators":[],"set_owner":"135830068"},"136704658":{"settings":{"lock_badw":"no","lock_chat":"no","welcome":"group","lock_media":"no","lock_english":"no","lock_member":"no","sticker":"ok","lock_arabic":"no","groupmodel":"normal","version":"3.5","flood":"yes","tag":"no","set_name":"moltafet","flood_msg_max":"5","lock_name":"yes","lock_link":"yes","set_link":"https://telegram.me/joinchat/Ca-kYQgl8pIyZcj9wte36g","lock_photo":"no"},"moderators":{"180052547":"@Alirezammna","162505825":"@TeleAgent","133867504":"@Soheildogonchi17","201775516":"@Habib7662"},"set_owner":"133867504","group_type":"Group"},"141201437":{"settings":{"lock_english":"no","lock_member":"no","welcome":"group","lock_chat":"no","sticker":"ok","groupmodel":"normal","lock_badw":"no","lock_name":"yes","lock_arabic":"no","lock_media":"no","set_name":"TeleAgent","version":"3.5","tag":"no","lock_link":"yes","flood":"yes","lock_photo":"no"},"moderators":[],"set_owner":135830068,"group_type":"Group"},"126008165":{"settings":{"lock_english":"no","lock_member":"no","welcome":"group","lock_chat":"no","sticker":"ok","groupmodel":"normal","lock_badw":"no","lock_name":"yes","lock_arabic":"no","lock_media":"no","set_name":"♠️รηдяк♣","version":"3.5","tag":"no","lock_link":"yes","flood":"yes","lock_photo":"no"},"moderators":[],"set_owner":"98193019","group_type":"Group"},"117514448":{"settings":{"lock_english":"no","lock_member":"no","welcome":"group","lock_chat":"no","sticker":"ok","groupmodel":"normal","lock_badw":"no","lock_name":"yes","lock_arabic":"no","lock_media":"no","set_name":"THOR","version":"3.5","tag":"no","lock_link":"yes","flood":"yes","lock_photo":"no"},"moderators":[],"set_owner":"150127786","group_type":"Group"},"groups":{"122928803":122928803,"122606443":122606443,"146369339":146369339,"138506057":138506057,"111917745":111917745,"65777675":65777675,"134923214":134923214,"149704094":149704094,"137087824":137087824,"122180234":122180234,"114890864":114890864,"120085358":120085358,"134181169":134181169,"113218677":113218677,"141596142":141596142,"135179508":135179508,"144538471":144538471,"114515924":114515924,"136704658":136704658,"141201437":141201437,"126008165":126008165,"117514448":117514448,"128631503":128631503,"122113642":122113642,"143343898":143343898,"125315298":125315298,"131156417":131156417,"128545505":128545505,"103316855":103316855,"149098570":149098570,"120135031":120135031,"129579512":129579512,"138603386":138603386,"129715916":129715916,"148138755":148138755,"129719111":129719111,"144837042":144837042,"136019802":136019802,"113917624":113917624,"139491306":139491306,"142307705":142307705,"111291059":111291059,"133260850":133260850,"149809957":149809957,"128627122":128627122,"139615175":139615175,"137164271":137164271,"118590563":118590563,"129504677":129504677,"140232313":140232313,"142965703":142965703,"139697718":139697718,"140061432":140061432,"147950158":147950158,"140726135":140726135,"125519594":125519594,"126047069":126047069,"103348442":103348442,"130926123":130926123,"116900803":116900803,"145973108":145973108,"147135216":147135216,"105806631":105806631,"114141259":114141259,"148696929":148696929,"140124204":140124204,"144192714":144192714,"143513768":143513768,"107035317":107035317,"146561832":146561832,"145449275":145449275},"128631503":{"settings":{"lock_member":"no","set_name":"YIP","lock_name":"yes","lock_photo":"no","set_link":"https://telegram.me/joinchat/Ca-kYQeqws9RVjeo6Wn2VA","flood":"yes"},"moderators":[],"set_owner":"160949388"},"122113642":{"settings":{"lock_badw":"no","lock_chat":"no","welcome":"group","lock_media":"no","lock_english":"no","lock_member":"no","sticker":"ok","lock_arabic":"no","set_link":"https://telegram.me/joinchat/Ca-kYQdHTmq15ETnJJsfBQ","flood":"yes","lock_name":"yes","set_name":"خر تو خر","lock_link":"yes","tag":"no","version":"3.5","groupmodel":"normal","lock_photo":"no"},"moderators":[],"set_owner":"117388859","group_type":"Group"},"143343898":{"moderators":{"172663825":"@Soelda2"},"قوانین":"\nچت=آزاد✅\nپست=ممنوع❌\nفیلم و عکس=پورن:سوپر بن اجتماعی و خنده دار:به تعداد کم♻️\nفحاشی=ریمو‼️\nایجاد مزاحمت درPV=بن❌\nتوهین و سوءاستفاده=سوپر بن❌","settings":{"set_link":"https://telegram.me/joinchat/Ca-kYQiLQRrQ_Vz0cTS2qg","lock_chat":"no","lock_link":"yes","lock_media":"no","lock_english":"no","lock_member":"no","sticker":"ok","groupmodel":"normal","flood":"yes","lock_arabic":"no","lock_name":"yes","version":"3.5","set_name":"*»Tak group«*","welcome":"group","tag":"no","lock_badw":"yes","set_photo":"data/photos/chat_photo_143343898.jpg","lock_photo":"yes"},"set_owner":"150966978","group_type":"Group"},"105806631":{"settings":{"lock_badw":"no","lock_chat":"no","lock_link":"yes","lock_media":"no","lock_english":"no","lock_member":"no","sticker":"ok","groupmodel":"normal","lock_arabic":"no","flood":"yes","lock_name":"yes","set_name":"ADMIN","flood_msg_max":"5","tag":"no","welcome":"group","version":"3.5","lock_photo":"no"},"moderators":[],"set_owner":98962756,"group_type":"Group"},"131156417":{"settings":{"set_link":"https://telegram.me/joinchat/Ca-kYQfRScHfdvL6UHZ6wQ","lock_chat":"no","welcome":"group","lock_media":"no","lock_english":"no","lock_member":"no","lock_badw":"no","sticker":"ok","groupmodel":"normal","lock_arabic":"no","tag":"no","lock_name":"yes","flood":"yes","set_name":"ᴇvᴇʀʏ тнɪɴɢ","flood_msg_max":"5","version":"3.5","lock_link":"yes","set_photo":"data/photos/chat_photo_131156417.jpg","lock_photo":"yes"},"moderators":[],"set_owner":"168885851","group_type":"Group"},"128545505":{"moderators":{"162505825":"@TeleAgent","138541271":"Robin Hood"},"قوانین":"خوش اومدید🌹🌹","settings":{"lock_badw":"yes","lock_chat":"yes","lock_link":"yes","lock_media":"yes","lock_english":"no","lock_member":"yes","flood":"yes","sticker":"ok","lock_arabic":"no","set_link":"https://telegram.me/joinchat/Ca-kYQepcuHUShiWmzyABg","version":"3.5","tag":"no","welcome":"group","set_name":"دوستان","groupmodel":"normal","lock_name":"yes","leave_ban":"yes","set_photo":"data/photos/chat_photo_128545505.jpg","lock_photo":"yes"},"set_owner":"161963722","group_type":"Group"},"103316855":{"settings":{"set_link":"https://telegram.me/joinchat/Ca-kYQYofXc3W22cw0IZfg","lock_photo":"yes","lock_badw":"yes","set_name":"family❤️🌹","flood_msg_max":"10","lock_name":"yes","lock_member":"no","set_photo":"data/photos/chat_photo_103316855.jpg","flood":"yes"},"moderators":{},"set_owner":"158482271"},"149098570":{"moderators":{"151361677":"@Im_morgan","109356713":"@Mohamadmotalebi98"},"قوانین":"فحش=ریموو😅😅😅\nاستیکیر=ریموو😏\nعکس و لینک =ریموو😁😁😊\n\nبا ربات شوخی نکنید لطفا...\nحساسیت ربات بالاس هر چیز غیر عادی <>>>> ریموو\nفقط تو این گروه چت کنید و حال کنید😅😅😅😅😅😅🔫😅🔫😅","settings":{"lock_badw":"yes","lock_chat":"no","welcome":"group","lock_media":"no","lock_english":"no","lock_member":"no","sticker":"ok","lock_arabic":"no","set_link":"https://telegram.me/joinchat/Ca-kYQjjEEoORa0mvZUPDg","flood":"yes","groupmodel":"normal","tag":"yes","set_name":"Chating bahala","lock_link":"yes","lock_name":"yes","leave_ban":"no","version":"3.5","lock_photo":"no"},"set_owner":"144812973","group_type":"Group"},"120135031":{"moderators":{"124174655":"@Omid_hack1","72688708":"@Xmadah","109270549":"@Farbodkhm"},"قوانین":"1⃣فوش ممنوع\n2⃣ارسال اسپمر ممنوع چون اخراج می شی\n3⃣تبلیغات ممنوع\n4⃣رفتن به پی وی دخترا و دختر بازی ممنوع😁\n5⃣آوردن ربات ممنوع\n6⃣از فرستادن مطالب 18+ 🔞🔞🔞 ممنوع\nهمه ی این کارا رو کنید اخراج می شید\nاینجا گروه هکر هاست پس برای سوال پرسیدن و... هست\n\nبرای دیدن توضیحات گروه  توضیحات را بفرستید","settings":{"lock_badw":"no","lock_chat":"no","lock_link":"no","lock_media":"no","lock_english":"no","lock_member":"no","flood":"yes","lock_bots":"yes","sticker":"ok","groupmodel":"normal","set_link":"https://telegram.me/joinchat/Ca-kYQcpHXejA5Ap32_RMQ","version":"3.5","lock_arabic":"no","welcome":"group","set_name":"Iran Hacker","flood_msg_max":"6","lock_name":"yes","tag":"no","set_photo":"data/photos/chat_photo_120135031.jpg","lock_photo":"yes"},"توضیحات":"اینجا اتحاد ایران هکر هست \nربات ایران هکر ایدیش\n@iran1_hacker_bot\nهست\nبرای دیدن قوانین گروه  قوانین رو بفرستید😘😘😘","set_owner":"59561185","group_type":"Group"},"129579512":{"settings":{"lock_english":"no","lock_member":"no","welcome":"group","lock_chat":"no","sticker":"ok","groupmodel":"normal","lock_badw":"no","lock_name":"yes","lock_arabic":"no","lock_media":"no","set_name":"HELL || B🌏T","version":"3.5","tag":"no","lock_link":"yes","flood":"no","lock_photo":"no"},"moderators":[],"set_owner":98962756,"group_type":"Group"},"112916209":{"settings":{"lock_name":"no","lock_member":"no","set_name":"میوه ممنوعه","lock_photo":"no"},"moderators":{"148482197":"mohamadjavadrahimian"}},"138603386":{"moderators":{"200857375":"@sm_porya","175608510":"@Alireza6191381"},"قوانین":"🌹به گروه خودتون خوش اومدید🌹\nقوانین⬇️⬇️⬇️⬇️⬇️⬇️⬇️\n1⃣گذاشتن لینک⇦kick.ban🚯🚯🚯\n2⃣مثبت 18⇤kick.ban🔞🔞\n3⃣اسپم زدن\u200c⇽kick.ban⛔️📛\n4⃣ادد کردن ربات⇦kick.ban📵📵📵","settings":{"set_link":"https://telegram.me/joinchat/Ca-kYQhC63o7IGVzp2a3uw","lock_chat":"no","welcome":"group","lock_media":"no","lock_english":"no","lock_member":"no","lock_badw":"no","sticker":"ok","groupmodel":"normal","lock_arabic":"no","tag":"no","lock_name":"yes","flood":"yes","set_name":"🔥ｂａｈａｌａ🔥","flood_msg_max":"10","version":"3.5","lock_link":"yes","set_photo":"data/photos/chat_photo_138603386.jpg","lock_photo":"yes"},"set_owner":"44218386","group_type":"Group"},"129715916":{"moderators":{"170283524":"@selinask"},"قوانین":" 1 اد کردن پسر ممنوع کسی پسر ادکنه بن میشه     2 کسی دعوا کنه بن میشه   3 فش و استیکر و عکس بد نزارید هرکی قوانین رو رعایت نکنه بن میشه","settings":{"lock_badw":"yes","lock_chat":"no","welcome":"group","lock_media":"no","lock_english":"no","lock_member":"no","sticker":"ok","lock_arabic":"no","set_link":"https://telegram.me/joinchat/Ca-kYQe7Tsxzv72N3JMtkw","flood":"yes","lock_name":"yes","set_name":"😜😜گپ دخملا","lock_link":"yes","tag":"yes","version":"3.5","groupmodel":"normal","lock_photo":"no"},"set_owner":"170283524","group_type":"Group"},"137164271":{"settings":{"lock_badw":"no","lock_chat":"no","welcome":"group","lock_media":"no","lock_english":"no","lock_member":"no","sticker":"ok","lock_arabic":"no","set_link":"https://telegram.me/joinchat/Ca-kYQgs9e_LO9ojZ_WySw","flood":"yes","lock_name":"yes","set_name":";D","lock_link":"yes","tag":"no","version":"3.5","groupmodel":"normal","lock_photo":"no"},"moderators":{"135830068":"@Majid_joker"},"set_owner":"164714901","group_type":"Group"},"146561832":{"moderators":{"111134737":"@amin4376","169418898":"tomeh!!(021) ","193506808":"♥Fereshte♥ "},"قوانین":"گروه خنده بازار 👻\n\nقوانین🙏\n\n1⃣قرار دادن لینک و تبلیغات ممنوع🚫\n\n2⃣مزاحمت ایجاد کردن برای خانم ها در پی وی ممنوع🚫\n\n💟چون اکثر اعضا خانم هستن😇\n\n3⃣فحش و درگیری لفظی ممنوع🚫\n\n4⃣عکس و فیلم و داستان سکسی ممنوع🔞\n\n5⃣چت از ساعت","settings":{"lock_badw":"no","lock_chat":"no","welcome":"group","lock_media":"no","lock_english":"no","lock_member":"no","sticker":"ok","lock_arabic":"no","set_link":"https://telegram.me/joinchat/Ca-kYQi8WyiXNEqDP74_3g","flood":"yes","lock_name":"yes","set_name":"Khande Bazar","lock_link":"yes","tag":"no","version":"3.5","groupmodel":"normal","lock_photo":"no"},"set_owner":"169418898","group_type":"Group"},"129719111":{"settings":{"lock_english":"no","lock_member":"no","welcome":"group","lock_chat":"no","sticker":"ok","groupmodel":"normal","lock_badw":"no","lock_name":"yes","lock_arabic":"no","lock_media":"no","set_name":"❥☆βдҳ ⇝қчдξ☆❥","version":"3.5","tag":"no","lock_link":"yes","flood":"yes","lock_photo":"no"},"moderators":[],"set_owner":215056874,"group_type":"Group"},"144837042":{"settings":{"lock_badw":"no","lock_chat":"no","welcome":"group","lock_media":"no","lock_english":"no","lock_member":"no","sticker":"ok","lock_arabic":"no","set_link":"https://telegram.me/joinchat/Ca-kYQiiCbJ9_LvVNeL-yQ","flood":"yes","lock_name":"yes","set_name":"گروه چت ممنوع","lock_link":"yes","tag":"no","version":"3.5","groupmodel":"normal","lock_photo":"no"},"moderators":[],"set_owner":"108417940","group_type":"Group"},"118590563":{"moderators":{"106237527":"@Matrook59","170739805":"@brotherhood0"},"قوانین":"\n⚠️فحش ممنوع\n⚠️شاخ بازی ممنوع اینجا مجازیه\n⚠️پس هوای هم دیگرو داشته باشیم\n⚠️مرام و معرفت اجباری\n\nاین هم لینک برای اشتداک گروه :\nhttps://telegram.me/joinchat/Ca-kYQcRjGP4eiNcpY1kug\n\nخوش باشید🙂😉","settings":{"lock_badw":"yes","lock_chat":"no","welcome":"group","lock_media":"no","lock_english":"no","lock_member":"no","sticker":"ok","lock_arabic":"no","set_link":"https://telegram.me/joinchat/Ca-kYQcRjGP4eiNcpY1kug","flood":"yes","lock_name":"yes","set_name":"ڂـۅڍمـۅڹـے","lock_link":"yes","tag":"no","version":"3.5","groupmodel":"normal","lock_photo":"no"},"توضیحات":"\nLink Group\n\nhttps://telegram.me/joinchat/Ca-kYQcRjGP4eiNcpY1kug","set_owner":"170739805","group_type":"Group"},"140232313":{"moderators":{"142890197":"@terorismAahmadi1380","69279409":"@FROZEN550","100842347":"@ArMaN6878","116966769":"@Parhamiw_cr7","158073981":"@Hidden_ahmadi","151081940":"@RAMEN104","185392469":"mahdiye ","145854507":"@inrelleshgham"},"قوانین":"\nچــ💬ــــــتــــ=     آ ز اد \nفـــحــ❌ــشـــ=   ر ی\u200d \u200dم\u200d \u200dو \nلـیـنــکــ🌐ــــ=      ر ی\u200d \u200dم\u200d \u200dو \nتـبـلــیــغـ📝ــــ=  ر ی\u200d \u200dم\u200d \u200dو \nاسـپـــمــ🔒ـــ=      ر ی\u200dم\u200d \u200dو  \u200d~.~.~.~.~.~.~.~.~.~.~.~.~.~.~.~\nا گ\u200d \u200dه\u200d \u200d ل\u200d \u200dی\u200d \u200dن\u200d \u200dک\u200d \u200d گ\u200dروه\u200d \u200d ر و  خ\u200d \u200dو ا س\u200d \u200dت\u200dی ب\u200dه \u200d\u200d@Hidden_ahmadi ب\u200d \u200dگ\u200d \u200dو 😉","settings":{"lock_bots":"yes","lock_chat":"no","lock_link":"yes","lock_media":"no","lock_english":"no","flood":"yes","lock_member":"no","lock_arabic":"no","lock_name":"yes","sticker":"ok","groupmodel":"normal","version":"3.5","lock_badw":"no","welcome":"group","set_link":"https://telegram.me/joinchat/Ca-kYQhbxnkZ6Ci1HjaVeQ","set_name":"چــــــتــ ↭ کـــډۿ","flood_msg_max":"10","tag":"yes","leave_ban":"no","set_photo":"data/photos/chat_photo_140232313.jpg","lock_photo":"no"},"توضیحات":"\n\n\n🚫پـــی وی بـدون اجــازه مـمـنــوع🚫\n\n\n آیدی ادمین اصلی == @hidden_ahmadi\n                      \n                     ▁▂▃ بـا تـشـکـر ▃▂▁","set_owner":"158073981","group_type":"Group"},"136554020":{"settings":{"lock_name":"no","lock_member":"no","set_name":":|","lock_photo":"no"},"moderators":{"99510903":"HiRaD_f"}},"136019802":{"settings":{"lock_member":"no","set_name":"لاکچری","lock_name":"yes","lock_photo":"no","set_link":"https://telegram.me/joinchat/Ca-kYQgbf1rU4lu4k8EIIA","flood":"yes"},"moderators":[],"set_owner":"75397889"},"113917624":{"settings":{"set_link":"https://telegram.me/joinchat/Ca-kYQbKPrh-pAXVMpPKPw","lock_chat":"no","welcome":"group","lock_media":"no","lock_english":"no","lock_member":"no","lock_badw":"no","sticker":"ok","groupmodel":"normal","lock_arabic":"no","tag":"no","lock_name":"yes","flood":"yes","set_name":"بچه های صیاد","flood_msg_max":"20","version":"3.5","lock_link":"yes","set_photo":"data/photos/chat_photo_113917624.jpg","lock_photo":"yes"},"moderators":{"136639945":"🔞mehrshad🔞 "},"set_owner":"110114237","group_type":"Group"},"139491306":{"settings":{"lock_badw":"no","lock_chat":"no","lock_link":"yes","lock_media":"no","lock_english":"no","lock_member":"no","sticker":"ok","groupmodel":"normal","lock_arabic":"no","flood":"yes","lock_name":"yes","set_name":"MegaAgent ©","flood_msg_max":"5","tag":"no","welcome":"group","version":"3.5","lock_photo":"no"},"moderators":[],"set_owner":176175129,"group_type":"Group"},"29162310":{"settings":{"lock_name":"no","lock_member":"no","set_name":"Darkness Team","lock_photo":"no"},"moderators":{"138036977":"Zebelkhan99"}},"142307705":{"moderators":{"158586343":"@XwolfmanX","210064646":"♥✖√MΘβไИA√✖♥ ","106845727":"@makhofMAN","98962756":"@XHACKERX","148282547":"@Fatima_shewolf"},"قوانین":"قوانین گروه:\n\n\n۱- فحاشی ممنوع ☣\n۲-گذاشتن لینک ممنوع ❌\n۳- بن کردن بدون اجازه مدیران و صاحب گروه ممنوع 🚯\n۴-اسپم ممنوع🚫\n۵- عکس یا فیلم 18+ ممنوع 🔞\n۶-رفت و آمد ممنوع 🚷\n۷-بازی با ربات ممنوع\n۸-رفتن به پی وی دختر بدون اجازه شخص ممنوع","settings":{"lock_badw":"yes","lock_chat":"no","lock_link":"yes","lock_media":"no","lock_english":"no","lock_member":"no","flood":"yes","lock_bots":"yes","sticker":"ok","groupmodel":"normal","set_link":"https://telegram.me/joinchat/Ca-kYQh7cXnLRyU3JSM5vw","version":"3.5","lock_arabic":"no","welcome":"group","set_name":"عشق و دوستی","flood_msg_max":"5","lock_name":"yes","tag":"yes","set_photo":"data/photos/chat_photo_142307705.jpg","lock_photo":"yes"},"توضیحات":"[گروه برای خودتونه ولی با پیروی از قوانین گروه \n\n\nچت آزاد]","set_owner":"158586343","group_type":"Group"},"111291059":{"settings":{"lock_english":"no","lock_member":"no","welcome":"group","lock_chat":"no","sticker":"ok","groupmodel":"normal","lock_badw":"no","lock_name":"yes","lock_arabic":"no","lock_media":"no","set_name":"gap","version":"3.5","tag":"no","lock_link":"yes","flood":"yes","lock_photo":"no"},"moderators":[],"set_owner":162288565,"group_type":"Group"},"127868781":{"settings":{"lock_english":"no","lock_member":"no","welcome":"group","lock_chat":"no","sticker":"ok","groupmodel":"normal","lock_badw":"no","lock_name":"yes","lock_arabic":"no","lock_media":"no","set_name":"Admin Realm","version":"3.5","tag":"no","lock_link":"yes","flood":"yes","lock_photo":"no"},"group_type":"Realm"},"122928803":{"moderators":{"193054732":"✌ღ  яỠⓖαỸёH  ღ ✌️ ","115507665":"@Tala128"},"قوانین":" \n\n1⃣گوش کردن به حرف مدیر👂🗣 \n\n2⃣افسرده نبودن 😜\n\n3⃣دعوا ممنوع😶\n\n4⃣عکس یا اسم گروه را عوض کردن مساویست با اخراج فرد. 😔\n\n5⃣عکس +18ممنوع 😏\n\n6⃣اگه ببینم ضروری باشه اخراج فرد میکنم پس لطفا قوانین را رعایت کنید .💗\n\nامیدوارم روز خوبی داشته باشیم🌺🌺🌺🌺","settings":{"lock_badw":"no","lock_chat":"no","welcome":"group","lock_media":"no","lock_english":"no","lock_member":"no","sticker":"ok","lock_arabic":"no","set_link":"https://telegram.me/joinchat/Ca-kYQdTvqOPFtW9ZK7Yhw","flood":"yes","lock_name":"yes","set_name":" خوشگل موشگلا","lock_link":"yes","tag":"no","version":"3.5","groupmodel":"normal","lock_photo":"no"},"set_owner":"172663825","group_type":"Group"},"133260850":{"moderators":{"217012914":"Nima .Admin|ریپورت است "},"قوانین":"\u200c \u200c\nقوانین گروه:\n\n\n۱- فحاشی ممنوع ☣\n۲-گذاشتن لینک ممنوع ❌\n۳- بن کردن بدون اجازه مدیران و صاحب گروه ممنوع 🚯\n۴-اسپم ممنوع🚫\n۵- عکس یا فیلم 18+ ممنوع 🔞\n۶-رفت و آمد ممنوع 🚷\n۷-بازی با ربات ممنوع⚔","settings":{"lock_member":"no","lock_photo":"yes","lock_bots":"yes","lock_badw":"yes","lock_name":"yes","set_name":"明けましておめでとうございます","flood_msg_max":"5","tag":"yes","set_link":"https://telegram.me/joinchat/Ca-kYQfxZjJfbjgZahQhlA","set_photo":"data/photos/chat_photo_133260850.jpg","flood":"yes"},"set_owner":"105697109","توضیحات":"\u200c \u200c\nبا سلام خدمت حضار عزیز در این گروه\nچت کردن آزاد است اما با رعایت قوانین|برای دیدن قوانین کافیست قوانین را ارسال کنید.\nادمین گروه:\n@Nima4360\nبا تشکر از سودو:\n@XHACKERX"},"149809957":{"moderators":{"162380764":"hani ","203338396":"@Ho3ein_gh15","124390892":"@Ataafr","146978560":"@Hosein_gh15"},"قوانین":"🇮🇷قوانین🇮🇷\n+18ممنوع🔞\nدعوا ممنوع💢\nتبلیغ ممنوع❌\nلینک ممنوع❌\nدوچرخه سواری رو اعصاب مدیرممنوع 🚳\n🔆بعد از ورود اصل بدین 🔆\n💕💕💕💕💕💕💕💕💕💕💕💕","settings":{"lock_badw":"yes","lock_chat":"no","welcome":"group","lock_media":"no","lock_english":"no","lock_member":"no","sticker":"ok","lock_arabic":"no","groupmodel":"normal","version":"3.5","flood":"yes","tag":"no","set_name":"🔞🎇باحالا🎇🔞","flood_msg_max":"14","lock_name":"yes","lock_link":"yes","set_link":"https://telegram.me/joinchat/Ca-kYQjt6yWZFDk8gUjXOQ","lock_photo":"no"},"set_owner":"146978560","group_type":"Group"},"128627122":{"settings":{"set_link":"https://telegram.me/joinchat/Ca-kYQeqsbJP8r4gFRKxhw","lock_chat":"no","lock_link":"yes","lock_media":"no","lock_english":"no","lock_member":"no","sticker":"ok","groupmodel":"normal","flood":"yes","lock_arabic":"no","lock_name":"yes","version":"3.5","set_name":"نبض احساس","welcome":"group","tag":"no","lock_badw":"yes","set_photo":"data/photos/chat_photo_128627122.jpg","lock_photo":"yes"},"moderators":{"155710668":"@TabadolAR"},"set_owner":"116383104","group_type":"Group"},"139615175":{"settings":{"lock_english":"no","lock_member":"no","welcome":"group","lock_chat":"no","sticker":"ok","groupmodel":"normal","lock_badw":"no","lock_name":"yes","lock_arabic":"no","lock_media":"no","set_name":"dooşţąŋ gђądįmį","version":"3.5","tag":"no","lock_link":"yes","flood":"yes","lock_photo":"no"},"moderators":[],"set_owner":158498004,"group_type":"Group"},"realms":{"127868781":127868781},"114515924":{"settings":{"set_link":"https://telegram.me/joinchat/Ca-kYQbTX9Qr_Q1C6ENBVQ","lock_chat":"no","welcome":"group","lock_media":"no","lock_english":"no","lock_member":"no","lock_badw":"no","sticker":"ok","groupmodel":"normal","lock_arabic":"no","tag":"no","lock_name":"yes","flood":"yes","set_name":"سنجاق","flood_msg_max":"20","version":"3.5","lock_link":"yes","set_photo":"data/photos/chat_photo_114515924.jpg","lock_photo":"yes"},"moderators":[],"set_owner":"188533618","group_type":"Group"},"129504677":{"settings":{"lock_english":"no","lock_member":"no","welcome":"group","lock_chat":"no","sticker":"ok","groupmodel":"normal","lock_badw":"no","lock_name":"yes","lock_arabic":"no","lock_media":"no","set_name":"SARINA❤️","version":"3.5","tag":"no","lock_link":"yes","flood":"yes","lock_photo":"no"},"moderators":[],"set_owner":"103275386","group_type":"Group"},"147950158":{"settings":{"set_link":"https://telegram.me/joinchat/Ca-kYQjRik44EpIQLWY9jA","lock_chat":"no","lock_link":"yes","lock_media":"no","lock_english":"no","lock_member":"yes","sticker":"ok","groupmodel":"normal","flood":"yes","lock_arabic":"no","lock_name":"yes","version":"3.5","set_name":"free","welcome":"group","tag":"no","lock_badw":"no","set_photo":"data/photos/chat_photo_147950158.jpg","lock_photo":"yes"},"moderators":{"122378210":"@DaLtOn_AdMiN_1","52858304":"@alisa80"},"set_owner":"158482271","group_type":"Group"},"125315298":{"settings":{"lock_member":"no","set_name":"help","flood_msg_max":"5","lock_name":"yes","lock_photo":"no","flood":"yes"},"moderators":[],"set_owner":"98962756"},"143513768":{"settings":{"lock_badw":"no","lock_chat":"no","welcome":"group","lock_media":"no","lock_english":"no","lock_member":"no","sticker":"ok","lock_arabic":"no","set_link":"https://telegram.me/joinchat/Ca-kYQiN2Kh6RPvNt2_Txg","flood":"yes","lock_name":"yes","set_name":"تست","lock_link":"yes","tag":"no","version":"3.5","groupmodel":"normal","lock_photo":"no"},"moderators":{"72420651":"@Bahamin2002"},"set_owner":"72420651","group_type":"Group"},"140061432":{"moderators":{"187549132":"@oOo_amirhosein_TeRoR_AzaM_oOo","158460880":"@Avaaaa933","150392510":"سوگلی ","155398713":"@iranbanoir","175972480":"@Mahdi7MK7"},"توضیحات":"درود فراوان خدمت شما🙏 به گروه فوق پیشرفته ایران سرزمین جاویدان خوش آمدید 💪لطفا ادب را رعایت کنین و از تبلیغات در گروه خود داری کنین😳 زیرا توسط ربات هوشمند گروه حذف میشوید✅ امیدوارم لحظات خوبی کنار هم داشته باشیم❤️","settings":{"set_link":"https://telegram.me/joinchat/Ca-kYQhZKviVfw7ETDQMXw","lock_chat":"no","lock_link":"yes","lock_media":"no","lock_english":"no","lock_member":"no","sticker":"ok","groupmodel":"normal","flood":"yes","lock_arabic":"no","lock_name":"yes","version":"3.5","set_name":"منو عشقم","welcome":"group","tag":"no","lock_badw":"no","set_photo":"data/photos/chat_photo_140061432.jpg","lock_photo":"yes"},"set_owner":"126791938","group_type":"Group"},"126047069":{"moderators":{"124186037":"@Rezaperspolisi2000","122045688":"@miladhacker"},"قوانین":"\nقوانین\n1⃣فحاشی⬅️حذف\n2⃣تبلیغات در گروه⬅️بن\n3⃣حساسیت اسپم⬅️5\nسرپیچی از قوانین ⬅️بن","settings":{"set_link":"https://telegram.me/joinchat/Ca-kYQeDU13PvhOyq_Zu-A","lock_chat":"no","lock_link":"yes","lock_media":"yes","lock_english":"no","lock_member":"no","sticker":"ok","groupmodel":"normal","flood":"yes","lock_arabic":"no","lock_name":"yes","version":"3.5","set_name":"♣️هک گروپ♣️","welcome":"group","tag":"no","lock_badw":"no","set_photo":"data/photos/chat_photo_126047069.jpg","lock_photo":"yes"},"set_owner":"122045688","group_type":"Group"},"140726135":{"settings":{"set_link":"https://telegram.me/joinchat/Ca-kYQhjT3eqP2_u44Rhkg","set_name":"پارسا","lock_photo":"yes","lock_name":"yes","lock_member":"no","set_photo":"data/photos/chat_photo_140726135.jpg","flood":"yes"},"moderators":[],"set_owner":"218317397"},"125519594":{"settings":{"lock_member":"no","set_name":"000","lock_name":"yes","lock_photo":"no","set_link":"https://telegram.me/joinchat/Ca-kYQd7RupklHfPHgdyrQ","flood":"yes"},"moderators":[],"set_owner":"204840016"},"114890864":{"settings":{"set_link":"https://telegram.me/joinchat/Ca-kYQbZGHAaZwN6rrUnfA","lock_chat":"no","lock_link":"yes","lock_media":"no","lock_english":"no","lock_member":"no","sticker":"ok","groupmodel":"normal","flood":"yes","lock_arabic":"no","lock_name":"yes","version":"3.5","set_name":"😃گپ خودمونی ها😃","welcome":"group","tag":"no","lock_badw":"no","set_photo":"data/photos/chat_photo_114890864.jpg","lock_photo":"yes"},"moderators":{"82500135":"@Amirhossein4","109980311":"Amir Mohamad Makvandi","125246056":"@P0uya_n0_l0ve"},"set_owner":"124390892","group_type":"Group"},"103348442":{"moderators":{"170283524":"@selinask","211664044":"Zahra ","169428704":"@Ramin90995","197456368":"@Niloooooo81","206174239":"@R10messi","98219587":"@Reza_r78","117118148":"@JUSTALONE1VOICE"},"قوانین":"\n۱مخ زدن بن\n۲بی ادبی کنین بن\n۳دعوا کنین بن\n۴فحش بدید بن\n۵تبلیغ کنین بن\n۶رفتو امد بن","settings":{"lock_badw":"no","lock_chat":"no","welcome":"group","lock_media":"no","lock_english":"no","lock_member":"no","sticker":"ok","lock_arabic":"no","set_link":"https://telegram.me/joinchat/Ca-kYQYo-NpAxNjFP1tpEA","flood":"yes","lock_name":"yes","set_name":" بی مزه ها","lock_link":"yes","tag":"yes","version":"3.5","groupmodel":"normal","lock_photo":"no"},"set_owner":"203811745","group_type":"Group"},"130926123":{"moderators":{"151512360":"@beynolharameen"},"قوانین":"فحش»گلوبال بن\nبی ادبی ممنوع\nراحت باشین😙✌️","settings":{"set_link":"https://telegram.me/joinchat/Ca-kYQfNxiuT2u3EtL3Wlg","lock_chat":"no","welcome":"group","lock_media":"no","lock_english":"no","lock_member":"no","lock_badw":"yes","sticker":"ok","groupmodel":"normal","lock_arabic":"no","tag":"no","lock_name":"yes","flood":"yes","set_name":"چت دوستانه","flood_msg_max":"5","version":"3.5","lock_link":"yes","set_photo":"data/photos/chat_photo_130926123.jpg","lock_photo":"yes"},"توضیحات":"فقط چت","set_owner":"134139736","group_type":"Group"},"116900803":{"settings":{"lock_badw":"no","lock_chat":"no","lock_link":"yes","lock_media":"no","lock_english":"no","lock_member":"no","flood":"yes","lock_bots":"yes","sticker":"ok","groupmodel":"normal","set_link":"https://telegram.me/joinchat/Ca-kYQb3w8NMWbOHjUDzaQ","version":"3.5","lock_arabic":"no","welcome":"group","set_name":"🌹ł łoⅤ€ ¥øü🌹","flood_msg_max":"5","lock_name":"yes","tag":"no","set_photo":"data/photos/chat_photo_116900803.jpg","lock_photo":"yes"},"moderators":{"195827789":"@Xxamirbang_farmande_blackbangmxX"},"set_owner":"155873795","group_type":"Group"},"145973108":{"settings":{"set_link":"https://telegram.me/joinchat/Ca-kYQizX3RHess86ZTOiA","lock_photo":"yes","tag":"yes","lock_badw":"yes","set_name":"کلاه سفید ها","flood_msg_max":"5","lock_name":"yes","lock_member":"no","set_photo":"data/photos/chat_photo_145973108.jpg","flood":"yes"},"moderators":{"116383104":"@Ali_king80","155710668":"@TabadolAR","158498004":"@ALONE_JOKER_M"},"set_owner":"155710668"},"147135216":{"settings":{"lock_english":"no","lock_member":"no","welcome":"group","lock_chat":"no","sticker":"ok","groupmodel":"normal","lock_badw":"no","lock_name":"yes","lock_arabic":"no","lock_media":"no","set_name":"عشق ها","version":"3.5","tag":"no","lock_link":"yes","flood":"yes","lock_photo":"no"},"moderators":[],"set_owner":124515483,"group_type":"Group"},"118941655":{"settings":{"lock_name":"no","lock_member":"no","set_name":"کال مزار","lock_photo":"no"},"moderators":{"178999010":"Zgklj"}},"149704094":{"moderators":{},"قوانین":"🆘 ساپورت تله ایجنت 🆘\n\nفحاشی , لینک و تگ : اخراج و تکرار بن\nاسپم : سوپر بن\n\n⭕️استفاده از راهنما برای مدیر است⭕️\n*ربات فارسی میباشد","settings":{"lock_badw":"yes","lock_chat":"no","lock_link":"yes","lock_media":"no","lock_english":"no","lock_member":"no","flood":"yes","lock_bots":"yes","sticker":"ok","groupmodel":"normal","set_link":"https://telegram.me/joinchat/Ca-kYQjsTZ6xsZl7S7MgCg","version":"3.5","lock_arabic":"no","welcome":"group","set_name":"💀TeleѦgent© sμpρøят💀","flood_msg_max":"5","lock_name":"yes","tag":"yes","set_photo":"data/photos/chat_photo_149704094.jpg","lock_photo":"yes"},"set_owner":"98962756","group_type":"Group"},"admins":{"158498004":"ALONE_JOKER_M"},"144192714":{"moderators":{},"قوانین":"فقط بچت , اعصابم خورده زر بزنی گلوبال بنی","settings":{"lock_badw":"yes","lock_chat":"no","lock_photo":"no","lock_member":"no","set_name":"شهر گرگ ها","flood_msg_max":"20","lock_name":"yes","tag":"yes","set_link":"https://telegram.me/joinchat/Ca-kYQiYNMpmlZ7bnNHa9w","flood":"yes"},"set_owner":"114900277","توضیحات":"بالبخند واردشوید\nبی ادبی🚫\nتبلیغات🚫\nدعواکردن🚫\nفحش دادن🚫\nعکس وفیلم +18🚫\n✔چت\n✔دوستی \n\nممنون از توجهتون با تشکر ادمین"},"139697718":{"settings":{"lock_badw":"no","lock_chat":"no","lock_link":"yes","lock_media":"no","lock_english":"no","lock_member":"no","sticker":"ok","groupmodel":"normal","lock_arabic":"no","flood":"yes","lock_name":"yes","set_name":"《shower↑🇮🇷↓bot's》","flood_msg_max":"10","tag":"no","welcome":"group","version":"3.5","lock_photo":"no"},"moderators":[],"set_owner":112886055,"group_type":"Group"},"118074979":{"settings":{"lock_name":"no","lock_member":"no","set_name":"تاات","lock_photo":"no"},"moderators":{"97243160":"پدر"}},"107035317":{"settings":{"lock_member":"no","set_name":"PRO GP","lock_name":"yes","lock_photo":"no","set_link":"https://telegram.me/joinchat/Ca-kYQZhOrWATLsB9A_vyQ","flood":"yes"},"moderators":[],"set_owner":98962756},"145449275":{"settings":{"lock_badw":"no","lock_chat":"no","welcome":"group","lock_media":"no","lock_english":"no","lock_member":"no","sticker":"ok","lock_arabic":"no","set_link":"https://telegram.me/joinchat/Ca-kYQirYTugvNxybe9wOw","groupmodel":"normal","flood":"yes","set_name":"دوستان","lock_link":"yes","tag":"no","version":"3.5","lock_name":"yes","lock_photo":"no"},"moderators":[],"set_owner":98962756,"group_type":"Group"},"148138755":{"moderators":{"147007786":"@Navid0080"},"قوانین":"قوانین گروه:\n🔴 1 اتحاد مافیا خطرناکترین اتحاده \n🔴2 هر اسپم تو وقت خاصی زده میشه \n🔴3 لینک ب هیچکی داده نمیشه \n🔴4 باربات هم زیاد شوخی نکنین اعصاب نداره ریمو میکنه \n🔴5هر روز دوتا گپ اسپم میشه و دوتا گپ باید خیلی قشنگ داغون شن","settings":{"lock_badw":"no","lock_chat":"no","welcome":"group","lock_media":"no","lock_english":"no","lock_member":"no","sticker":"ok","lock_arabic":"no","set_link":"https://telegram.me/joinchat/Ca-kYQjUawOPDNf2kTQJfQ","flood":"yes","lock_name":"yes","set_name":"اتحاد مافیا خطرناکترین اتحاد","lock_link":"yes","tag":"no","version":"3.5","groupmodel":"normal","lock_photo":"no"},"توضیحات":"🔴 اسپم دادن و فاکیدن گپ ها با افراد کار بلد","set_owner":"98544211","group_type":"Group"}}